user_id,country,age,gender,subscription_type,avg_listening_hours_per_week,total_songs_played,skip_rate,satisfaction_score,churned,monthly_fee,join_date,join_date_UK
U1201,South Africa,41,,Family,3,529,20%,,0,7.99,08/08/2023,08/08/2023
U1257,India,15,,Family,0.3,503,30%,,0,,03/30/2024,30/03/2024
U1558,Nigeria,49,Female,Family,5.6,497,15%,,1,7.99,07/01/2023,01/07/2023
U1693,Ghana,49,Female,Family,8.8,509,10%,,1,9.99,09/08/2024,08/09/2024
U1486,Kenya,25,Other,Family,6.3,498,30%,,1,12.99,14/09/2023,14/09/2023
U1345,Nepal,27,Male,Family,6.2,511,20%,,1,,28/03/2024,28/03/2024
U1203,Nepal,62,,Family,17.2,508,10%,,1,9.99,12/08/2023,08/12/2023
U1641,United Kingdom,62,Female,Family,5.6,484,20%,,0,9.99,08/12/2022,12/08/2022
U1569,India,59,Male,Family,13.8,492,5%,,0,5,16/06/2023,16/06/2023
U1694,USA,33,Female,Family,14.8,488,30%,,0,9.99,27/07/2024,27/07/2024
U1225,Nepal,39,Male,Family,8.5,486,15%,,1,,27/06/2022,27/06/2022
U1369,Ghana,48,Other,Family,9,477,10%,,0,,04/23/2022,23/04/2022
U1637,United Kingdom,13,Male,Family,11.3,493,20%,,0,5,11/05/2022,05/11/2022
U1592,USA,36,Male,Free,0.9,509,30%,,0,0,09/10/2022,10/09/2022
U1548,Nigeria,63,Other,Free,13.9,467,15%,,0,0,03/20/2024,20/03/2024
U1272,United Kingdom,22,Female,Free,4.4,499,20%,,0,0,05/26/2022,26/05/2022
U1026,United Kingdom,23,Female,Free,7.5,497,25%,,0,0,08/04/2024,04/08/2024
U1636,India,30,,Free,17.9,496,20%,,0,0,07/07/2024,07/07/2024
U1552,United Kingdom,53,Other,Free,10.7,510,20%,,0,0,12/30/2022,30/12/2022
U1155,India,39,Female,Premium,0.3,510,10%,,1,9.99,07/03/2024,03/07/2024
U1657,India,22,Male,Premium,3.6,486,10%,,1,,28/07/2022,28/07/2022
U1436,India,26,Female,Premium,16.9,490,10%,,0,9.99,14/05/2024,14/05/2024
U1309,Brazil,18,Female,Premium,12.8,476,30%,,1,9.99,09/04/2023,04/09/2023
U1215,United Kingdom,17,Male,Premium,11.7,495,10%,,1,9.99,27/08/2024,27/08/2024
U1600,United Kingdom,41,Female,Premium,8.7,483,5%,,0,9.99,02/07/2024,07/02/2024
U1141,United Kingdom,33,Male,Premium,16.1,505,5%,,1,7.99,31/05/2023,31/05/2023
U1000,Kenya,18,Male,Premium,6.3,485,5%,,0,7.99,25/02/2023,25/02/2023
U1085,Kenya,45,Male,Premium,6,487,30%,,0,7.99,10/07/2023,07/10/2023
U1661,South Africa,45,Male,Premium,11.2,512,5%,,0,5,24/05/2024,24/05/2024
U1042,Ghana,40,Male,Premium,8.1,484,20%,,0,7.99,05/06/2023,06/05/2023
U1579,India,38,Female,Premium,13.7,525,15%,,0,7.99,23/05/2022,23/05/2022
U1075,Nigeria,59,Female,Premium,4.1,506,25%,,1,9.99,08/03/2022,03/08/2022
U1439,Nepal,50,Female,Student,10.6,490,10%,,1,9.99,16/11/2022,16/11/2022
U1076,India,61,Male,Student,16,498,5%,,0,,15/02/2023,15/02/2023
U1499,United Kingdom,16,Male,Student,11.2,485,15%,,0,12.99,05/30/2024,30/05/2024
U1521,Nigeria,59,Female,Student,0.3,506,10%,,0,7.99,09/03/2023,03/09/2023
U1344,Nepal,14,Male,Student,15.8,501,25%,,0,9.99,15/06/2024,15/06/2024
U1622,Ghana,42,Female,Student,4.5,520,15%,,1,12.99,09/04/2023,04/09/2023
U1475,India,49,Male,Student,13.9,480,30%,,0,9.99,03/12/2024,12/03/2024
U1678,Nigeria,45,Female,Student,11.2,498,10%,,1,,01/04/2022,04/01/2022
U1400,United Kingdom,56,Other,Student,6,492,10%,,0,7.99,01/06/2022,06/01/2022
U1167,United Kingdom,17,Female,Student,5.9,514,30%,,1,9.99,20/10/2023,20/10/2023
U1586,United Kingdom,46,Male,Student,5.3,524,10%,,0,9.99,03/19/2022,19/03/2022
U1515,India,22,,Student,10.5,487,5%,,0,9.99,09/14/2022,14/09/2022
U1527,Kenya,25,Female,Family,10,452,10%,1,0,9.99,18/06/2022,18/06/2022
U1288,USA,57,Female,Family,11.8,530,10%,1,0,7.99,29/01/2023,29/01/2023
U1002,Brazil,57,Male,Family,7.4,524,15%,1,1,,07/10/2024,10/07/2024
U1036,USA,20,Female,Family,22.3,488,25%,1,1,7.99,14/03/2022,14/03/2022
U1126,United Kingdom,46,Female,Family,13.4,526,25%,1,0,7.99,22/05/2023,22/05/2023
U1666,Kenya,19,Male,Family,6.7,526,5%,1,0,,10/12/2022,12/10/2022
U1528,United Kingdom,52,Female,Family,15.4,480,20%,1,0,12.99,03/11/2022,11/03/2022
U1407,Nigeria,47,Male,Family,0.2,511,5%,1,0,,11/06/2022,06/11/2022
U1396,United Kingdom,42,Male,Family,10.2,510,30%,1,0,7.99,07/02/2024,02/07/2024
U1011,South Africa,48,Female,Family,13.5,468,20%,1,0,9.99,10/02/2023,02/10/2023
U1498,India,59,Female,Family,14.4,468,20%,1,0,9.99,02/10/2023,10/02/2023
U1322,United Kingdom,36,Other,Family,8.5,523,10%,1,0,7.99,04/25/2023,25/04/2023
U1186,Brazil,59,Female,Family,0.5,490,20%,1,0,9.99,21/08/2024,21/08/2024
U1047,India,39,Male,Family,6.8,512,10%,1,1,7.99,02/01/2024,01/02/2024
U1460,Nigeria,20,Male,Family,7.8,518,20%,1,0,5,08/16/2023,16/08/2023
U1559,South Africa,33,Male,Family,8.5,507,15%,1,1,9.99,16/12/2022,16/12/2022
U1135,Nepal,29,Male,Family,16.6,491,20%,1,0,9.99,13/03/2022,13/03/2022
U1574,Ghana,38,Female,Family,1.5,458,5%,1,1,9.99,09/17/2023,17/09/2023
U1668,India,20,Female,Family,9.4,507,30%,1,1,9.99,06/01/2022,01/06/2022
U1648,Nepal,63,Female,Family,9.1,481,20%,1,0,9.99,02/03/2024,03/02/2024
U1304,Nepal,18,Female,Family,9.5,454,10%,1,0,9.99,10/06/2024,06/10/2024
U1649,Kenya,16,Female,Family,4.5,482,10%,1,0,7.99,09/09/2023,09/09/2023
U1027,USA,24,Female,Family,8.8,508,15%,1,0,9.99,08/30/2023,30/08/2023
U1534,USA,55,Male,Family,6.1,490,20%,1,1,7.99,25/11/2022,25/11/2022
U1342,Kenya,50,Male,Family,6.5,505,30%,1,0,9.99,12/24/2022,24/12/2022
U1097,USA,17,Male,Family,7.8,473,25%,1,0,5,09/22/2023,22/09/2023
U1308,India,57,Other,Free,4.4,513,20%,1,0,0,03/11/2022,11/03/2022
U1408,United Kingdom,47,Male,Free,9.2,476,10%,1,0,0,04/12/2024,12/04/2024
U1679,United Kingdom,40,Other,Free,2.1,462,25%,1,0,0,06/06/2022,06/06/2022
U1005,Kenya,59,Female,Free,12.9,519,25%,1,0,0,21/10/2023,21/10/2023
U1262,Nigeria,59,,Free,7.4,502,25%,1,1,0,27/06/2022,27/06/2022
U1367,United Kingdom,49,Male,Free,12.7,511,15%,1,0,0,24/10/2023,24/10/2023
U1229,United Kingdom,34,,Free,19.4,508,25%,1,0,0,04/08/2022,08/04/2022
U1454,United Kingdom,63,Female,Free,11.3,492,10%,1,0,0,09/09/2022,09/09/2022
U1523,South Africa,58,,Free,3.8,498,15%,1,0,0,16/01/2022,16/01/2022
U1041,India,62,Other,Free,10.3,466,15%,1,0,0,24/11/2023,24/11/2023
U1432,Nigeria,52,Female,Free,8,496,25%,1,0,0,11/12/2022,12/11/2022
U1577,India,64,Male,Premium,7.6,461,15%,1,0,9.99,29/01/2022,29/01/2022
U1561,Nigeria,58,Male,Premium,7.5,524,10%,1,1,7.99,05/18/2023,18/05/2023
U1357,USA,32,Other,Premium,10,500,30%,1,0,9.99,24/12/2022,24/12/2022
U1251,United Kingdom,14,,Premium,4.6,480,10%,1,1,7.99,22/03/2022,22/03/2022
U1567,India,27,Female,Premium,1.3,480,20%,1,0,9.99,15/12/2022,15/12/2022
U1078,United Kingdom,33,Other,Premium,14.4,487,15%,1,0,9.99,28/07/2023,28/07/2023
U1372,United Kingdom,15,Other,Premium,14.9,484,20%,1,0,12.99,30/10/2023,30/10/2023
U1470,Nigeria,39,Other,Premium,5.4,473,30%,1,0,7.99,01/02/2024,02/01/2024
U1412,USA,41,Male,Premium,7.5,494,20%,1,0,7.99,10/24/2022,24/10/2022
U1240,South Africa,47,,Premium,3.9,483,25%,1,0,12.99,13/10/2022,13/10/2022
U1130,South Africa,13,Female,Premium,11.4,492,25%,1,0,12.99,06/13/2024,13/06/2024
U1536,United Kingdom,56,Female,Premium,5.6,516,5%,1,1,9.99,06/22/2023,22/06/2023
U1315,India,18,Male,Premium,8.4,479,10%,1,0,9.99,15/12/2023,15/12/2023
U1581,South Africa,50,Male,Student,16.4,483,5%,1,1,9.99,06/01/2023,01/06/2023
U1123,Ghana,20,Female,Student,16.5,491,20%,1,0,,04/19/2023,19/04/2023
U1334,Kenya,32,Male,Student,6.4,488,15%,1,1,9.99,15/12/2023,15/12/2023
U1631,India,41,Female,Student,2.6,542,30%,1,1,,05/05/2022,05/05/2022
U1159,Kenya,50,Male,Student,8.3,518,10%,1,1,,01/31/2023,31/01/2023
U1329,United Kingdom,48,Male,Student,9.7,530,10%,1,0,,15/05/2023,15/05/2023
U1300,United Kingdom,31,Male,Student,11.2,532,10%,1,0,,11/29/2023,29/11/2023
U1473,Ghana,50,Female,Student,8.5,526,10%,1,1,,16/10/2022,16/10/2022
U1214,United Kingdom,13,Female,Student,12.9,509,10%,1,1,12.99,17/01/2022,17/01/2022
U1325,Ghana,63,,Student,19.1,477,10%,1,0,9.99,07/29/2023,29/07/2023
U1070,South Africa,17,Female,Student,4.8,501,25%,1,1,12.99,01/08/2024,08/01/2024
U1488,Nepal,59,Other,Student,11.7,495,10%,1,0,5,23/03/2023,23/03/2023
U1618,India,19,Male,Student,10,472,10%,1,0,7.99,09/24/2022,24/09/2022
U1368,USA,23,,Student,13.8,519,30%,1,0,,05/06/2023,06/05/2023
U1673,USA,20,Female,Student,15.2,517,10%,1,0,5,05/21/2024,21/05/2024
U1213,United Kingdom,18,,Student,0.5,509,5%,1,0,,23/04/2023,23/04/2023
U1133,USA,42,Other,Student,14.4,491,5%,1,0,9.99,05/08/2023,08/05/2023
U1015,South Africa,30,,Student,4.3,500,10%,1,0,9.99,20/05/2023,20/05/2023
U1522,United Kingdom,38,,Student,12.3,500,10%,1,0,7.99,11/24/2023,24/11/2023
U1073,Nepal,30,,Student,14.9,494,25%,1,0,12.99,24/10/2023,24/10/2023
U1326,India,43,Male,Student,9.6,531,30%,1,0,7.99,06/04/2023,04/06/2023
U1491,USA,36,Female,Student,13.2,479,30%,1,0,7.99,23/06/2023,23/06/2023
U1697,South Africa,60,Female,Student,6.3,510,25%,1,1,,06/22/2023,22/06/2023
U1068,India,62,Male,Family,12.5,486,15%,2,0,5,11/19/2023,19/11/2023
U1137,United Kingdom,59,,Family,7.5,538,10%,2,1,7.99,04/21/2024,21/04/2024
U1553,United Kingdom,34,Other,Family,6.9,467,5%,2,0,5,06/28/2022,28/06/2022
,Nigeria,37,Female,Family,0.2,503,10%,2,1,12.99,17/08/2022,17/08/2022
U1118,Kenya,52,Male,Family,8.9,475,10%,2,0,9.99,04/02/2022,02/04/2022
U1635,Nigeria,31,Male,Family,4.1,450,30%,2,0,,08/16/2023,16/08/2023
U1687,South Africa,44,,Family,9,514,15%,2,1,9.99,10/11/2023,11/10/2023
U1446,USA,45,Male,Family,11.4,499,5%,2,0,9.99,05/11/2023,11/05/2023
U1054,United Kingdom,60,Male,Family,5.2,491,10%,2,0,5,30/12/2023,30/12/2023
U1277,Ghana,38,,Family,9.2,477,30%,2,0,9.99,07/09/2023,09/07/2023
U1495,Nepal,20,Female,Family,6.6,496,10%,2,0,9.99,01/01/2024,01/01/2024
U1148,Ghana,46,Other,Family,5.7,477,10%,2,1,7.99,28/04/2023,28/04/2023
U1025,India,35,Female,Family,13,532,10%,2,1,9.99,16/11/2023,16/11/2023
U1562,Nigeria,48,Male,Family,12.6,498,30%,2,1,,24/05/2024,24/05/2024
U1220,Brazil,46,Male,Family,15.8,494,30%,2,0,9.99,27/03/2024,27/03/2024
U1391,Nepal,23,Male,Family,9.8,496,25%,2,1,7.99,07/04/2022,04/07/2022
U1212,Kenya,33,Male,Family,5.9,492,10%,2,1,12.99,06/30/2024,30/06/2024
U1264,United Kingdom,30,Male,Family,0.5,511,5%,2,0,9.99,05/10/2022,10/05/2022
U1142,United Kingdom,26,,Family,7.1,505,20%,2,1,7.99,02/10/2022,10/02/2022
U1013,India,31,Male,Family,2,554,20%,2,0,5,20/06/2023,20/06/2023
U1376,United Kingdom,22,Male,Family,8.7,533,10%,2,1,12.99,05/02/2022,02/05/2022
U1671,USA,36,Male,Family,12,481,10%,2,0,7.99,07/16/2022,16/07/2022
U1684,Nigeria,44,Female,Family,12.1,464,10%,2,0,,10/03/2022,03/10/2022
U1108,Brazil,26,Male,Family,17.1,485,10%,2,0,9.99,13/03/2022,13/03/2022
U1401,Ghana,62,Male,Family,13,475,15%,2,0,9.99,27/08/2024,27/08/2024
U1245,India,26,Male,Family,9.3,496,30%,2,1,,11/02/2022,02/11/2022
U1038,United Kingdom,48,Male,Free,6.7,485,15%,2,0,0,02/21/2023,21/02/2023
U1444,South Africa,37,Female,Free,3.9,500,20%,2,1,0,28/03/2023,28/03/2023
U1511,Nigeria,39,,Free,10.7,531,25%,2,1,0,19/12/2023,19/12/2023
U1062,USA,17,Male,Free,11.5,512,30%,2,1,0,01/31/2024,31/01/2024
U1417,India,26,Male,Free,7.9,495,20%,2,0,0,15/01/2022,15/01/2022
U1429,Ghana,54,,Free,6,480,20%,2,0,0,08/01/2024,01/08/2024
U1016,United Kingdom,59,Female,Free,14.2,514,20%,2,0,0,02/23/2023,23/02/2023
U1128,Kenya,62,Female,Free,7.7,511,20%,2,0,0,10/06/2022,06/10/2022
U1045,United Kingdom,53,Other,Free,10.3,536,20%,2,1,0,08/02/2023,02/08/2023
U1014,South Africa,32,Male,Free,20.8,487,25%,2,0,0,30/06/2024,30/06/2024
U1084,South Africa,25,Male,Free,14.3,492,30%,2,1,0,24/04/2023,24/04/2023
U1596,Ghana,18,,Free,17.9,524,10%,2,0,0,31/01/2022,31/01/2022
U1394,Brazil,50,Male,Free,4.1,541,10%,2,0,0,02/12/2024,12/02/2024
U1386,Nigeria,13,Male,Free,11,510,20%,2,0,0,01/22/2024,22/01/2024
U1090,United Kingdom,33,Female,Free,0.2,499,20%,2,0,0,06/24/2023,24/06/2023
U1625,India,31,Female,Free,8.2,514,5%,2,0,0,16/03/2024,16/03/2024
U1149,Nigeria,50,Male,Free,11.8,527,5%,2,0,0,06/29/2024,29/06/2024
U1696,Ghana,43,Female,Free,8,471,25%,2,0,0,09/09/2023,09/09/2023
U1287,India,53,Male,Premium,5.5,500,10%,2,1,7.99,27/03/2022,27/03/2022
U1505,India,63,Female,Premium,13.9,493,20%,2,0,7.99,04/18/2023,18/04/2023
U1193,South Africa,16,Female,Premium,12.4,523,25%,2,0,9.99,04/29/2022,29/04/2022
U1035,Nigeria,40,Female,Premium,11,452,10%,2,0,9.99,09/26/2022,26/09/2022
U1115,Brazil,16,Male,Premium,10.3,506,15%,2,1,12.99,25/06/2023,25/06/2023
U1453,India,51,Female,Premium,15.5,502,10%,2,0,9.99,12/15/2022,15/12/2022
U1457,India,15,Other,Premium,5.3,525,20%,2,1,7.99,07/03/2023,03/07/2023
U1196,India,37,Male,Premium,14.1,528,5%,2,1,7.99,01/03/2022,03/01/2022
U1200,USA,39,Male,Premium,11.3,487,30%,2,0,9.99,12/24/2022,24/12/2022
U1107,South Africa,33,,Premium,14.6,512,30%,2,0,,02/03/2023,03/02/2023
U1231,United Kingdom,42,Male,Premium,14.8,563,30%,2,0,7.99,17/05/2024,17/05/2024
U1316,United Kingdom,60,Male,Premium,7.9,533,20%,2,0,7.99,02/20/2023,20/02/2023
U1362,United Kingdom,59,Female,Premium,0.8,484,30%,2,1,12.99,06/05/2022,05/06/2022
U1615,India,40,Male,Premium,7.7,493,20%,2,0,7.99,07/09/2022,09/07/2022
U1119,Nigeria,44,Female,Premium,10.5,515,10%,2,0,5,29/11/2023,29/11/2023
U1319,Ghana,23,Female,Premium,7.8,504,30%,2,1,5,20/09/2022,20/09/2022
U1676,Brazil,15,Female,Premium,13.2,490,5%,2,0,5,01/11/2023,11/01/2023
U1591,India,63,Female,Premium,12.4,543,10%,2,0,12.99,12/08/2024,08/12/2024
U1211,USA,34,Female,Premium,5.9,489,10%,2,0,9.99,17/08/2024,17/08/2024
U1690,United Kingdom,28,Male,Premium,21.7,512,15%,2,1,7.99,24/12/2023,24/12/2023
U1060,India,30,Male,Premium,8.2,510,10%,2,1,9.99,14/04/2023,14/04/2023
U1131,India,56,Other,Premium,6.5,517,5%,2,0,7.99,17/01/2022,17/01/2022
U1463,South Africa,27,Female,Premium,11.6,509,20%,2,0,9.99,12/30/2023,30/12/2023
U1312,India,34,Male,Premium,10.4,469,30%,2,1,,05/11/2023,11/05/2023
U1638,Kenya,26,Female,Premium,8.9,475,20%,2,0,7.99,08/19/2022,19/08/2022
U1510,Kenya,55,Female,Premium,12.1,512,15%,2,0,12.99,15/06/2023,15/06/2023
U1403,Nepal,23,Female,Premium,11.5,510,5%,2,0,7.99,03/21/2024,21/03/2024
,India,50,Female,Premium,9.1,484,25%,2,0,12.99,07/25/2023,25/07/2023
U1506,Kenya,63,Female,Premium,5.2,501,30%,2,1,12.99,21/10/2022,21/10/2022
U1604,Brazil,40,Female,Premium,10.2,485,10%,2,1,7.99,11/23/2023,23/11/2023
U1526,South Africa,38,Other,Premium,9,523,10%,2,0,5,31/01/2023,31/01/2023
U1328,India,49,Male,Premium,3.7,479,15%,2,0,5,12/12/2022,12/12/2022
U1250,Brazil,36,Female,Student,19.3,530,15%,2,0,7.99,02/10/2023,10/02/2023
U1091,India,60,,Student,20.3,498,20%,2,1,9.99,03/01/2022,01/03/2022
U1677,Nigeria,63,Other,Student,6.4,541,10%,2,1,,05/04/2024,04/05/2024
U1243,Nepal,59,Female,Student,5.6,466,10%,2,0,9.99,09/23/2023,23/09/2023
U1324,United Kingdom,15,Female,Student,11.9,521,15%,2,1,9.99,04/24/2023,24/04/2023
U1079,Nigeria,38,Female,Student,13.8,519,10%,2,0,9.99,04/10/2023,10/04/2023
U1686,USA,26,Other,Student,15.8,494,25%,2,0,9.99,04/25/2023,25/04/2023
U1102,Ghana,49,Male,Student,15.7,532,5%,2,0,,03/29/2023,29/03/2023
U1162,Kenya,27,Female,Student,3.3,487,15%,2,0,7.99,11/05/2023,05/11/2023
U1140,India,49,Male,Student,13.2,476,5%,2,0,7.99,05/01/2024,01/05/2024
U1680,Kenya,59,Female,Student,23.6,495,5%,2,1,5,07/31/2023,31/07/2023
U1007,United Kingdom,28,Female,Student,5.6,507,10%,2,1,,27/05/2023,27/05/2023
,United Kingdom,40,Male,Student,5,488,10%,2,0,7.99,05/02/2024,02/05/2024
U1402,Brazil,26,Female,Student,11.4,513,10%,2,1,9.99,03/13/2024,13/03/2024
U1249,Nepal,26,Male,Student,12.9,464,20%,2,0,5,07/31/2022,31/07/2022
U1033,Brazil,24,Male,Student,10.9,500,5%,2,0,5,31/01/2024,31/01/2024
U1269,United Kingdom,37,Female,Student,12,456,5%,2,0,9.99,05/11/2022,11/05/2022
U1106,South Africa,29,Female,Student,9.6,482,30%,2,1,9.99,22/04/2022,22/04/2022
U1340,United Kingdom,61,Other,Student,6.9,519,15%,2,1,12.99,13/12/2022,13/12/2022
U1216,India,53,Other,Student,1.5,466,25%,2,0,9.99,07/08/2024,08/07/2024
U1530,USA,37,,Student,12.4,531,10%,2,0,9.99,14/06/2023,14/06/2023
U1082,Nigeria,39,Male,Student,8,486,25%,2,1,9.99,04/18/2024,18/04/2024
U1399,South Africa,17,Female,Student,11.1,511,5%,2,0,5,15/05/2024,15/05/2024
U1031,Ghana,20,Male,Student,16.6,501,20%,2,0,5,16/07/2024,16/07/2024
U1318,United Kingdom,42,Male,Student,13.2,458,15%,2,1,,07/15/2023,15/07/2023
U1655,Nigeria,44,Male,Student,15.6,521,25%,2,1,7.99,26/06/2022,26/06/2022
U1662,United Kingdom,35,Male,Student,11.3,504,10%,2,0,5,05/13/2022,13/05/2022
U1384,Nigeria,14,Female,Student,6.3,491,20%,2,0,7.99,21/01/2024,21/01/2024
U1285,Nigeria,22,Female,Student,10.6,537,10%,2,1,12.99,02/03/2023,03/02/2023
U1614,USA,34,Female,Student,19.5,533,5%,2,0,,05/11/2023,11/05/2023
U1458,United Kingdom,19,Female,Family,8.9,528,10%,3,0,9.99,29/03/2024,29/03/2024
U1289,United Kingdom,30,Male,Family,8.9,493,5%,3,0,9.99,19/06/2024,19/06/2024
U1493,United Kingdom,27,Male,Family,23.4,536,15%,3,0,,15/12/2022,15/12/2022
U1064,USA,37,Male,Family,10.1,510,10%,3,0,7.99,21/01/2024,21/01/2024
U1109,United Kingdom,21,Female,Family,16.1,497,20%,3,0,9.99,31/01/2023,31/01/2023
U1434,Nepal,51,Female,Family,7.5,487,30%,3,0,9.99,11/26/2022,26/11/2022
U1582,United Kingdom,14,Female,Family,12.4,490,10%,3,0,,12/08/2022,08/12/2022
U1152,United Kingdom,30,,Family,7,494,20%,3,1,9.99,07/11/2022,11/07/2022
U1563,United Kingdom,35,Other,Family,9.2,491,5%,3,0,,17/12/2022,17/12/2022
U1643,Ghana,40,Male,Family,5.7,453,10%,3,1,7.99,07/21/2024,21/07/2024
U1101,Kenya,49,Other,Family,11,486,10%,3,0,,06/05/2022,05/06/2022
U1313,Nepal,33,Female,Family,11.7,469,20%,3,0,9.99,08/04/2024,04/08/2024
U1425,United Kingdom,38,Male,Family,16.1,456,10%,3,0,7.99,04/28/2022,28/04/2022
U1099,United Kingdom,15,Male,Family,1.4,511,10%,3,0,12.99,11/24/2022,24/11/2022
U1602,Ghana,34,Female,Family,5.2,487,10%,3,0,5,24/01/2024,24/01/2024
U1699,Nepal,19,Female,Family,7.3,519,10%,3,0,9.99,09/19/2022,19/09/2022
U1012,India,47,Male,Family,5.8,549,25%,3,0,5,05/08/2023,08/05/2023
U1477,Nigeria,45,Other,Family,5.7,484,30%,3,1,7.99,11/11/2022,11/11/2022
U1170,India,22,Other,Family,14.4,493,25%,3,1,9.99,27/04/2024,27/04/2024
U1129,Kenya,24,Female,Family,7.8,486,30%,3,0,12.99,09/01/2022,01/09/2022
U1545,United Kingdom,40,Male,Family,0.7,534,10%,3,0,,04/14/2022,14/04/2022
U1639,Brazil,63,Male,Family,16.1,522,10%,3,1,7.99,11/09/2022,09/11/2022
U1492,Nigeria,64,Male,Family,13.3,501,25%,3,0,7.99,13/07/2024,13/07/2024
U1594,Kenya,19,Male,Family,0.8,502,15%,3,0,7.99,10/27/2022,27/10/2022
U1698,United Kingdom,30,Other,Family,15.7,494,5%,3,0,,05/12/2022,12/05/2022
U1525,India,24,Male,Family,6.7,505,30%,3,1,9.99,04/10/2022,10/04/2022
U1692,USA,64,,Family,19.8,480,10%,3,0,7.99,11/22/2023,22/11/2023
U1166,USA,29,Male,Family,14.2,487,30%,3,0,9.99,22/04/2023,22/04/2023
U1199,Nigeria,15,Male,Family,7.9,528,10%,3,0,7.99,26/06/2023,26/06/2023
U1398,United Kingdom,61,Male,Family,19,451,15%,3,0,9.99,03/16/2023,16/03/2023
U1516,United Kingdom,52,Female,Family,9.5,461,20%,3,1,5,09/27/2022,27/09/2022
U1468,Nigeria,42,Female,Family,11.7,477,20%,3,0,9.99,12/18/2023,18/12/2023
U1058,India,47,Male,Family,7.2,495,10%,3,0,7.99,12/01/2023,01/12/2023
U1656,United Kingdom,22,Female,Family,7.8,505,5%,3,1,9.99,02/06/2023,06/02/2023
U1519,Nigeria,20,Male,Family,1,541,15%,3,1,9.99,30/06/2023,30/06/2023
U1451,India,52,Other,Family,1.4,511,30%,3,0,5,09/09/2023,09/09/2023
U1456,South Africa,18,Male,Family,9.1,499,10%,3,0,7.99,07/14/2024,14/07/2024
U1339,Brazil,18,Male,Family,9.7,511,25%,3,0,,07/30/2022,30/07/2022
U1270,South Africa,49,Female,Family,9,486,20%,3,0,9.99,03/04/2023,04/03/2023
U1136,Brazil,60,Female,Family,3.7,482,30%,3,0,7.99,02/03/2023,03/02/2023
U1238,Kenya,20,Male,Family,14.7,506,15%,3,0,12.99,08/15/2022,15/08/2022
U1681,United Kingdom,20,Male,Family,8.7,476,20%,3,0,7.99,20/07/2023,20/07/2023
U1616,United Kingdom,52,,Family,9.8,507,20%,3,0,7.99,03/20/2022,20/03/2022
U1247,United Kingdom,40,Other,Family,3.2,507,10%,3,0,12.99,07/09/2022,09/07/2022
U1335,United Kingdom,40,Male,Family,10.4,490,10%,3,0,5,23/08/2022,23/08/2022
U1539,United Kingdom,16,,Family,0.8,496,10%,3,1,7.99,11/08/2022,08/11/2022
U1176,India,17,Other,Family,9.5,506,5%,3,0,9.99,02/05/2023,05/02/2023
U1169,Ghana,16,Male,Family,9.3,534,10%,3,1,5,25/01/2022,25/01/2022
U1282,United Kingdom,32,Other,Family,12,502,10%,3,0,7.99,07/02/2023,02/07/2023
U1621,USA,25,Female,Family,12,505,25%,3,0,9.99,23/05/2023,23/05/2023
U1455,Kenya,18,Female,Family,9.7,499,10%,3,1,,08/22/2022,22/08/2022
U1332,South Africa,18,Female,Family,18.8,460,15%,3,0,,03/18/2023,18/03/2023
U1330,India,36,,Family,7.8,503,5%,3,0,,25/11/2022,25/11/2022
U1683,USA,47,Male,Family,8.3,500,5%,3,0,9.99,11/18/2023,18/11/2023
U1485,United Kingdom,50,Other,Family,7.7,536,10%,3,1,,11/09/2022,09/11/2022
U1086,USA,46,Female,Family,10.5,520,10%,3,0,5,04/13/2023,13/04/2023
U1500,India,24,Female,Family,20.5,492,25%,3,1,9.99,17/08/2022,17/08/2022
,India,61,Female,Family,16.1,494,30%,3,1,9.99,11/08/2022,08/11/2022
U1588,Kenya,29,Male,Family,8.7,530,10%,3,0,,05/04/2024,04/05/2024
U1298,Ghana,61,Female,Family,1.2,516,20%,3,1,7.99,30/01/2022,30/01/2022
U1509,India,38,Male,Family,2,484,5%,3,0,,28/10/2022,28/10/2022
U1281,Nigeria,25,,Family,4.5,483,10%,3,0,,01/09/2023,09/01/2023
U1314,South Africa,18,Female,Family,6,473,25%,3,1,,08/12/2023,12/08/2023
U1266,Kenya,47,Other,Family,15.2,483,5%,3,0,9.99,05/27/2022,27/05/2022
U1385,Nepal,32,,Free,11,504,10%,3,1,0,11/02/2022,02/11/2022
U1583,United Kingdom,19,Male,Free,14.2,512,10%,3,0,0,05/07/2022,07/05/2022
U1507,India,48,Male,Free,10.2,482,15%,3,0,0,07/04/2023,04/07/2023
U1370,India,25,,Free,3.9,513,10%,3,0,0,30/12/2022,30/12/2022
U1533,South Africa,52,Female,Free,9.1,478,25%,3,0,0,23/03/2024,23/03/2024
U1244,South Africa,34,,Free,5.8,496,10%,3,0,0,07/12/2022,12/07/2022
U1261,United Kingdom,55,Male,Free,4.1,539,20%,3,1,0,15/11/2023,15/11/2023
U1413,Nigeria,20,Female,Free,15,505,10%,3,0,0,20/09/2023,20/09/2023
U1307,South Africa,46,Other,Free,5.4,495,10%,3,0,0,13/07/2024,13/07/2024
U1320,United Kingdom,42,Female,Free,15.1,512,25%,3,0,0,19/08/2024,19/08/2024
U1632,Nigeria,42,Female,Free,12.6,497,10%,3,1,0,06/04/2022,04/06/2022
U1566,Kenya,52,Female,Free,15.9,499,30%,3,0,0,02/23/2022,23/02/2022
U1055,Nigeria,41,Male,Free,12.1,500,20%,3,0,0,12/02/2022,02/12/2022
U1361,United Kingdom,24,Male,Free,7.2,485,30%,3,0,0,09/21/2022,21/09/2022
U1571,Brazil,21,Female,Free,13.2,512,10%,3,0,0,01/22/2022,22/01/2022
U1390,United Kingdom,21,Male,Free,11.3,506,20%,3,0,0,08/05/2022,05/08/2022
U1205,Ghana,31,Male,Free,4.4,486,30%,3,1,0,05/01/2022,01/05/2022
U1580,Ghana,23,Other,Free,14.3,507,10%,3,0,0,10/11/2023,11/10/2023
U1048,Ghana,29,,Free,4.4,493,15%,3,0,0,26/05/2024,26/05/2024
U1609,Ghana,29,Male,Free,6.4,477,20%,3,0,0,03/28/2022,28/03/2022
U1161,India,36,Female,Free,9.2,481,10%,3,0,0,09/27/2022,27/09/2022
U1555,United Kingdom,35,Female,Free,11.7,545,10%,3,0,0,03/05/2024,05/03/2024
U1236,Kenya,48,Male,Free,15.6,548,15%,3,0,0,06/05/2024,05/06/2024
U1063,Kenya,59,Male,Free,6.9,486,20%,3,0,0,04/12/2023,12/04/2023
U1352,India,17,,Free,9.7,474,30%,3,0,0,10/20/2022,20/10/2022
U1009,Brazil,23,Female,Free,8.8,494,15%,3,1,0,17/07/2022,17/07/2022
U1059,United Kingdom,18,Female,Free,7.9,526,10%,3,0,0,04/23/2024,23/04/2024
U1659,Nepal,58,Female,Free,7.2,495,5%,3,0,0,25/04/2022,25/04/2022
U1154,United Kingdom,27,Female,Premium,1.3,513,10%,3,1,,09/03/2022,03/09/2022
U1072,United Kingdom,13,Male,Premium,9.4,492,15%,3,1,9.99,12/18/2022,18/12/2022
U1502,USA,14,Other,Premium,16.1,470,10%,3,1,9.99,03/03/2024,03/03/2024
U1252,Ghana,57,Female,Premium,8.3,483,30%,3,0,9.99,05/20/2022,20/05/2022
U1556,Kenya,13,Other,Premium,5.8,490,25%,3,1,,09/03/2024,03/09/2024
U1651,Nigeria,20,Other,Premium,21.7,524,25%,3,0,5,01/09/2022,09/01/2022
U1168,Nigeria,41,Male,Premium,16.1,477,20%,3,1,9.99,11/27/2023,27/11/2023
U1080,USA,37,Male,Premium,9.9,522,10%,3,1,9.99,04/25/2022,25/04/2022
U1189,Ghana,43,Male,Premium,13.1,500,20%,3,1,9.99,18/12/2023,18/12/2023
U1030,USA,28,Other,Premium,4.8,522,5%,3,0,5,04/01/2023,01/04/2023
U1366,Nepal,50,Female,Premium,15.9,506,10%,3,0,9.99,19/04/2024,19/04/2024
U1599,United Kingdom,61,Female,Premium,17.4,492,10%,3,1,9.99,12/10/2022,10/12/2022
U1483,South Africa,22,Male,Premium,6.8,442,20%,3,0,9.99,17/05/2023,17/05/2023
U1178,Nigeria,18,Male,Premium,14.1,466,25%,3,0,12.99,16/10/2023,16/10/2023
U1028,Nigeria,22,Female,Premium,4.1,512,10%,3,0,9.99,10/30/2023,30/10/2023
U1630,Kenya,57,Female,Premium,2.3,481,20%,3,0,7.99,11/10/2023,10/11/2023
U1195,Ghana,16,Female,Premium,9.9,500,30%,3,1,,02/09/2022,09/02/2022
U1338,USA,27,Female,Premium,6.8,510,25%,3,0,,23/11/2022,23/11/2022
U1187,Ghana,35,Male,Premium,10.4,513,20%,3,1,,10/01/2022,01/10/2022
U1474,USA,45,Female,Premium,2,476,30%,3,0,7.99,04/05/2022,05/04/2022
U1447,USA,59,Female,Premium,13.3,497,15%,3,0,5,10/13/2022,13/10/2022
U1568,Nigeria,33,,Premium,11,522,20%,3,1,7.99,18/04/2024,18/04/2024
U1605,United Kingdom,62,,Premium,9.2,493,10%,3,0,,15/01/2023,15/01/2023
U1422,Kenya,17,Female,Premium,2.4,516,15%,3,0,,07/18/2023,18/07/2023
U1442,India,27,Female,Premium,13.6,504,10%,3,0,9.99,13/11/2022,13/11/2022
U1501,India,57,Female,Premium,4.4,493,15%,3,0,7.99,02/01/2023,01/02/2023
U1550,USA,26,Male,Premium,14.6,457,25%,3,0,7.99,02/01/2022,01/02/2022
U1056,Ghana,25,Male,Premium,6.6,497,25%,3,0,9.99,03/26/2023,26/03/2023
U1235,Nepal,38,,Premium,16.6,467,30%,3,0,9.99,31/08/2024,31/08/2024
U1341,Nepal,42,Male,Premium,13,457,10%,3,0,9.99,04/01/2022,01/04/2022
U1121,USA,40,Female,Premium,7.7,475,15%,3,0,12.99,18/01/2022,18/01/2022
U1265,India,50,,Premium,10.9,497,20%,3,0,9.99,11/02/2023,02/11/2023
U1650,South Africa,13,,Premium,9,524,25%,3,0,,07/02/2022,02/07/2022
U1024,USA,28,,Premium,12.8,510,25%,3,0,,05/15/2022,15/05/2022
U1557,United Kingdom,58,Male,Premium,1,451,10%,3,1,12.99,21/05/2023,21/05/2023
U1292,USA,59,Female,Premium,8.5,525,10%,3,0,7.99,28/07/2024,28/07/2024
U1069,United Kingdom,57,Male,Premium,21.4,454,30%,3,1,7.99,11/05/2022,05/11/2022
U1023,United Kingdom,15,,Premium,15.8,507,30%,3,0,,10/12/2022,12/10/2022
U1397,Nigeria,43,Male,Premium,8.7,514,20%,3,1,5,07/03/2023,03/07/2023
U1587,United Kingdom,39,Male,Premium,4.5,495,25%,3,0,7.99,25/06/2022,25/06/2022
U1405,Nigeria,46,,Premium,11.8,506,10%,3,1,9.99,06/04/2023,04/06/2023
U1642,USA,14,Female,Premium,3.7,494,20%,3,1,7.99,09/10/2022,10/09/2022
U1301,United Kingdom,54,Male,Premium,10.4,490,25%,3,0,9.99,03/26/2023,26/03/2023
U1469,India,51,Female,Premium,6.8,486,10%,3,0,9.99,15/04/2022,15/04/2022
U1256,United Kingdom,19,Female,Premium,16,525,20%,3,0,7.99,06/10/2023,10/06/2023
U1433,Nigeria,20,Male,Premium,12.6,521,20%,3,0,9.99,07/07/2024,07/07/2024
U1590,Kenya,56,Other,Premium,12.6,480,10%,3,0,7.99,12/09/2023,09/12/2023
U1551,USA,52,Female,Premium,7.3,516,30%,3,1,,24/11/2023,24/11/2023
U1077,Nepal,23,Male,Premium,8.4,501,5%,3,1,9.99,21/10/2022,21/10/2022
U1132,United Kingdom,17,Female,Premium,6.1,551,10%,3,0,,22/04/2023,22/04/2023
U1617,Nigeria,61,Male,Premium,4.3,482,10%,3,0,9.99,28/07/2023,28/07/2023
U1057,Nigeria,58,Other,Premium,9.7,491,15%,3,0,5,06/06/2024,06/06/2024
U1351,United Kingdom,56,Male,Premium,9.8,505,25%,3,1,12.99,07/18/2022,18/07/2022
U1297,Ghana,52,,Premium,4.3,469,30%,3,0,9.99,03/13/2024,13/03/2024
U1185,Ghana,63,Female,Premium,15.4,522,10%,3,0,,08/10/2023,10/08/2023
U1207,United Kingdom,17,Other,Premium,17.3,489,25%,3,0,9.99,13/11/2023,13/11/2023
U1490,United Kingdom,57,Female,Premium,11.3,476,30%,3,0,7.99,01/12/2022,12/01/2022
U1355,United Kingdom,16,Male,Premium,14.4,482,30%,3,0,5,02/04/2022,04/02/2022
U1113,United Kingdom,57,Female,Premium,10.8,521,5%,3,0,12.99,11/01/2024,01/11/2024
U1151,USA,46,Female,Premium,8.9,546,10%,3,1,9.99,25/03/2022,25/03/2022
U1646,USA,42,Other,Premium,14.8,484,20%,3,0,,18/10/2022,18/10/2022
U1098,Ghana,50,,Premium,5.6,509,20%,3,0,,12/26/2023,26/12/2023
U1565,Ghana,63,,Premium,15.8,463,30%,3,0,7.99,07/01/2024,01/07/2024
U1088,South Africa,47,Male,Premium,5,487,25%,3,0,,12/18/2023,18/12/2023
U1685,India,36,Female,Premium,17.5,490,30%,3,0,5,29/04/2023,29/04/2023
U1654,Brazil,15,Female,Premium,19.8,484,30%,3,0,9.99,19/02/2024,19/02/2024
U1549,Brazil,41,,Student,17.7,498,10%,3,0,12.99,24/11/2022,24/11/2022
U1074,Nepal,44,Female,Student,7.5,494,10%,3,0,12.99,28/05/2022,28/05/2022
U1147,Brazil,50,Female,Student,13,479,25%,3,0,9.99,13/02/2023,13/02/2023
U1116,India,13,Male,Student,10.4,478,5%,3,0,9.99,23/01/2022,23/01/2022
U1597,United Kingdom,36,Female,Student,13.9,525,10%,3,0,5,08/05/2023,05/08/2023
U1019,United Kingdom,26,Male,Student,10,485,30%,3,0,,31/05/2023,31/05/2023
U1653,United Kingdom,51,Female,Student,14.5,491,10%,3,0,12.99,07/21/2022,21/07/2022
U1227,India,38,Female,Student,6.6,551,5%,3,0,9.99,05/06/2023,06/05/2023
U1310,United Kingdom,49,Female,Student,3.3,494,15%,3,0,9.99,07/23/2023,23/07/2023
U1514,India,23,Female,Student,21.5,514,15%,3,0,9.99,12/02/2022,02/12/2022
U1232,India,55,Other,Student,6.9,512,20%,3,0,7.99,03/15/2024,15/03/2024
U1358,United Kingdom,45,Female,Student,15.2,461,5%,3,0,5,09/30/2022,30/09/2022
U1409,United Kingdom,13,Female,Student,16.5,519,20%,3,0,,11/10/2023,10/11/2023
U1333,South Africa,14,Female,Student,4.8,522,10%,3,0,5,09/06/2023,06/09/2023
U1160,Brazil,45,Female,Student,11.1,495,20%,3,0,5,03/01/2022,01/03/2022
U1691,United Kingdom,16,Female,Student,11,548,30%,3,0,9.99,04/25/2022,25/04/2022
U1209,Nigeria,40,Other,Student,4.5,520,5%,3,0,5,03/16/2022,16/03/2022
U1449,India,26,Male,Student,10.8,495,10%,3,0,,04/01/2023,01/04/2023
U1466,Nigeria,45,Male,Student,13.3,504,20%,3,0,,04/25/2022,25/04/2022
U1564,United Kingdom,13,Male,Student,16.1,489,25%,3,1,12.99,07/13/2024,13/07/2024
U1644,Nigeria,61,Male,Student,10.3,493,20%,3,0,7.99,25/06/2024,25/06/2024
U1165,Nepal,63,Male,Student,11.3,526,5%,3,0,,08/10/2023,10/08/2023
U1071,India,45,Female,Student,9,525,10%,3,1,9.99,02/25/2023,25/02/2023
U1652,Ghana,41,Female,Student,11.5,474,25%,3,0,9.99,17/07/2023,17/07/2023
U1260,India,58,Female,Student,2.9,458,10%,3,0,5,25/07/2024,25/07/2024
U1363,USA,13,Female,Student,11,509,10%,3,0,7.99,23/06/2023,23/06/2023
U1688,Ghana,58,Female,Student,9.3,502,10%,3,1,9.99,23/02/2022,23/02/2022
U1424,United Kingdom,26,Female,Student,9.5,498,10%,3,0,9.99,11/10/2022,10/11/2022
U1542,India,20,Female,Student,8,516,15%,3,1,9.99,01/26/2022,26/01/2022
U1105,USA,31,Male,Student,8,556,20%,3,0,7.99,11/04/2024,04/11/2024
U1125,USA,38,Female,Student,3.4,481,10%,3,0,,23/06/2022,23/06/2022
U1435,United Kingdom,52,Male,Student,13.9,471,20%,3,0,9.99,07/12/2022,12/07/2022
U1040,Kenya,20,Female,Student,2.6,516,15%,3,1,9.99,17/04/2023,17/04/2023
U1459,USA,63,,Student,12.1,489,15%,3,1,12.99,09/12/2022,12/09/2022
U1283,Kenya,37,Male,Student,7.1,490,20%,3,0,,02/18/2022,18/02/2022
U1175,USA,36,Female,Student,10.2,444,30%,3,0,5,26/12/2022,26/12/2022
U1476,United Kingdom,39,Male,Student,15.3,530,10%,3,1,9.99,02/06/2024,06/02/2024
U1541,Brazil,49,Other,Student,15.4,534,25%,3,0,9.99,24/02/2023,24/02/2023
U1138,United Kingdom,35,Other,Student,11.4,500,25%,3,0,9.99,01/19/2023,19/01/2023
U1658,India,31,Female,Student,9.8,508,30%,3,0,,30/07/2022,30/07/2022
U1612,Ghana,61,Other,Student,1.9,475,25%,3,0,7.99,03/06/2024,06/03/2024
U1415,Ghana,53,Male,Student,5.8,506,30%,3,1,12.99,11/23/2022,23/11/2022
U1484,India,45,Female,Student,10.4,479,10%,3,0,12.99,14/10/2022,14/10/2022
U1379,Kenya,22,Female,Student,7.4,505,10%,3,1,7.99,12/22/2023,22/12/2023
U1018,India,61,Female,Student,11.3,486,10%,3,0,,02/13/2023,13/02/2023
U1029,Nepal,44,Male,Student,8.2,514,15%,3,0,9.99,01/27/2022,27/01/2022
U1197,United Kingdom,15,Female,Student,5.4,521,20%,3,0,5,04/02/2024,02/04/2024
U1006,Nigeria,33,Other,Student,4.6,518,30%,3,0,9.99,19/11/2022,19/11/2022
U1294,India,46,Female,Student,7.4,507,10%,3,0,7.99,20/10/2023,20/10/2023
U1393,United Kingdom,36,Male,Student,17.2,506,10%,3,1,9.99,08/21/2023,21/08/2023
,USA,16,Female,Student,11.8,520,15%,3,0,9.99,23/09/2022,23/09/2022
U1504,Nigeria,43,Female,Student,4.9,504,10%,3,0,,12/07/2023,07/12/2023
U1440,Brazil,45,Female,Student,15.1,474,20%,3,0,,02/13/2023,13/02/2023
U1144,Nigeria,23,Other,Student,17.3,490,10%,3,0,12.99,16/11/2023,16/11/2023
U1210,India,54,,Student,7.7,496,10%,3,1,,08/09/2022,09/08/2022
U1589,South Africa,55,Male,Student,17.2,481,25%,3,0,,31/05/2024,31/05/2024
U1291,United Kingdom,48,Other,Student,5.4,528,20%,3,0,9.99,04/03/2024,03/04/2024
U1354,USA,38,,Student,10.4,479,30%,3,0,5,26/04/2024,26/04/2024
U1191,Kenya,28,Female,Student,14.5,516,30%,3,0,9.99,16/11/2023,16/11/2023
U1675,Kenya,49,,Student,5.8,507,10%,3,0,9.99,14/04/2022,14/04/2022
U1004,India,57,Female,Student,12.5,473,15%,3,0,,02/16/2023,16/02/2023
U1633,Nigeria,28,Female,Student,0.2,529,25%,3,1,,23/08/2023,23/08/2023
U1606,United Kingdom,33,Female,Student,2.9,490,25%,3,0,12.99,08/20/2024,20/08/2024
U1302,India,53,Female,Student,13.5,481,10%,3,1,,11/07/2022,07/11/2022
U1512,Nigeria,17,Female,Student,17.4,485,10%,3,1,7.99,10/10/2022,10/10/2022
U1620,United Kingdom,44,Male,Student,9.5,493,20%,3,0,12.99,21/07/2024,21/07/2024
U1020,South Africa,27,,Student,8.1,541,5%,3,0,12.99,04/18/2022,18/04/2022
U1531,Brazil,45,,Student,23.7,536,10%,3,0,9.99,07/08/2023,08/07/2023
U1349,Brazil,63,Male,Student,12.6,518,20%,3,1,9.99,19/01/2024,19/01/2024
U1540,United Kingdom,17,Male,Student,9.9,469,15%,3,0,12.99,05/10/2024,10/05/2024
U1204,South Africa,63,Female,Student,7.4,450,15%,3,0,12.99,03/01/2023,01/03/2023
U1595,Kenya,64,Other,Family,15.9,495,20%,4,0,7.99,02/14/2023,14/02/2023
U1217,United Kingdom,24,Male,Family,17.3,485,10%,4,0,,01/05/2023,05/01/2023
U1157,India,46,Female,Family,10.7,485,10%,4,0,9.99,28/05/2024,28/05/2024
U1529,United Kingdom,30,Male,Family,7.1,494,25%,4,1,9.99,08/14/2024,14/08/2024
U1421,United Kingdom,49,Other,Family,16.3,531,5%,4,0,7.99,08/20/2024,20/08/2024
U1083,India,61,Male,Family,9.9,501,10%,4,0,9.99,17/06/2023,17/06/2023
U1669,India,13,Other,Family,4.1,505,10%,4,1,9.99,05/22/2023,22/05/2023
U1208,United Kingdom,30,Female,Family,2.8,494,20%,4,0,9.99,14/07/2023,14/07/2023
U1276,USA,34,Male,Family,4.4,475,20%,4,0,,08/02/2023,02/08/2023
U1124,South Africa,51,Female,Family,5.1,481,25%,4,0,7.99,02/29/2024,29/02/2024
U1127,United Kingdom,15,Male,Family,15.8,465,30%,4,1,,22/04/2022,22/04/2022
U1535,United Kingdom,24,Male,Family,9,524,30%,4,0,9.99,16/06/2022,16/06/2022
U1163,Brazil,42,Male,Family,14.6,565,10%,4,0,7.99,14/11/2022,14/11/2022
U1689,Kenya,55,Male,Family,15,534,10%,4,1,,12/19/2022,19/12/2022
U1626,India,44,Male,Family,9.5,535,5%,4,0,7.99,03/10/2023,10/03/2023
U1347,Nepal,20,Male,Family,10.5,478,20%,4,0,12.99,09/28/2022,28/09/2022
U1306,United Kingdom,38,Male,Family,14.4,504,10%,4,0,12.99,08/04/2022,04/08/2022
U1241,Brazil,64,Male,Family,14,556,15%,4,1,7.99,28/02/2022,28/02/2022
U1311,South Africa,45,,Family,22.1,508,15%,4,0,9.99,22/05/2023,22/05/2023
U1336,United Kingdom,23,Male,Family,17,458,25%,4,1,,03/02/2023,02/03/2023
U1156,India,63,Female,Family,12.9,530,15%,4,0,9.99,08/27/2024,27/08/2024
U1392,Kenya,27,Female,Family,15.7,493,25%,4,1,,24/02/2022,24/02/2022
U1664,India,44,Male,Family,8.2,483,10%,4,0,7.99,27/09/2022,27/09/2022
U1471,India,48,Female,Family,10.5,521,10%,4,0,9.99,01/08/2023,08/01/2023
U1670,Nepal,15,Male,Family,9.9,485,25%,4,1,5,07/02/2023,02/07/2023
U1172,USA,22,Male,Family,4.8,503,10%,4,0,5,07/15/2022,15/07/2022
U1487,India,43,Male,Family,10.2,474,5%,4,0,7.99,02/23/2023,23/02/2023
U1623,India,35,Male,Family,8.2,493,20%,4,0,12.99,01/13/2024,13/01/2024
U1246,India,38,Female,Family,12.4,496,10%,4,0,7.99,02/08/2023,08/02/2023
U1182,Kenya,55,Male,Family,12.5,498,25%,4,0,,09/24/2022,24/09/2022
U1389,South Africa,29,Female,Family,10,508,25%,4,0,9.99,26/01/2023,26/01/2023
U1585,India,39,Male,Family,6.3,477,10%,4,0,7.99,30/06/2024,30/06/2024
U1365,India,26,Female,Family,16.8,513,15%,4,0,9.99,08/07/2024,07/08/2024
U1461,United Kingdom,54,Other,Family,13.8,476,20%,4,0,12.99,12/24/2022,24/12/2022
U1450,Kenya,52,,Family,1.5,515,20%,4,1,9.99,22/06/2024,22/06/2024
U1508,United Kingdom,48,Female,Family,8.7,511,30%,4,1,,09/18/2022,18/09/2022
U1190,United Kingdom,23,Female,Family,11.6,475,25%,4,1,,22/07/2022,22/07/2022
U1375,USA,62,Female,Family,7.9,511,20%,4,0,5,02/02/2022,02/02/2022
U1472,Kenya,41,Female,Family,0.6,463,25%,4,1,9.99,29/01/2022,29/01/2022
U1067,United Kingdom,42,Female,Family,14.6,479,30%,4,0,9.99,07/27/2024,27/07/2024
U1278,Ghana,56,,Family,14.5,531,25%,4,0,,05/29/2022,29/05/2022
U1263,United Kingdom,57,Male,Family,13.9,491,10%,4,1,7.99,01/29/2024,29/01/2024
U1224,USA,57,Female,Family,21.1,499,30%,4,0,9.99,14/04/2023,14/04/2023
U1198,United Kingdom,44,Male,Family,16.4,493,10%,4,0,7.99,01/23/2022,23/01/2022
U1173,USA,29,Male,Family,12.5,475,10%,4,1,7.99,29/10/2023,29/10/2023
U1481,Nepal,22,Female,Family,11.1,490,20%,4,0,12.99,11/19/2022,19/11/2022
U1452,Nepal,63,Male,Family,10.7,528,20%,4,0,7.99,29/09/2022,29/09/2022
U1427,Nepal,37,Other,Family,10.7,544,10%,4,0,7.99,03/23/2023,23/03/2023
U1271,Kenya,40,Male,Family,17,500,10%,4,0,9.99,31/03/2023,31/03/2023
U1017,Nepal,53,Female,Family,10.2,459,20%,4,0,,25/11/2022,25/11/2022
U1431,Nepal,30,Male,Free,4.4,466,20%,4,0,0,15/12/2022,15/12/2022
U1430,Nigeria,37,Male,Free,16,498,25%,4,1,0,02/09/2023,09/02/2023
U1629,Ghana,61,,Free,14.5,522,10%,4,1,0,01/10/2022,10/01/2022
U1267,India,63,Female,Free,9,495,10%,4,0,0,23/02/2024,23/02/2024
U1268,Ghana,27,Female,Free,8.2,510,10%,4,0,0,04/06/2022,06/04/2022
U1343,Nepal,63,Female,Free,7.4,517,30%,4,0,0,09/05/2023,05/09/2023
U1299,United Kingdom,56,Male,Free,4.9,475,20%,4,1,0,30/08/2024,30/08/2024
U1179,Kenya,14,,Free,12.9,500,25%,4,0,0,11/06/2023,06/11/2023
U1293,India,34,Male,Free,17.8,517,15%,4,0,0,08/29/2023,29/08/2023
U1546,United Kingdom,43,Male,Free,14.2,489,30%,4,0,0,07/22/2023,22/07/2023
U1377,India,17,Male,Free,12.4,488,5%,4,1,0,21/06/2024,21/06/2024
U1610,United Kingdom,32,,Free,15.6,481,25%,4,1,0,30/06/2024,30/06/2024
U1371,South Africa,55,Male,Free,10.6,496,25%,4,1,0,05/28/2024,28/05/2024
U1061,USA,63,,Free,6.5,530,15%,4,0,0,08/11/2022,11/08/2022
U1480,United Kingdom,14,Male,Free,14.5,474,15%,4,0,0,25/03/2024,25/03/2024
U1628,Kenya,41,,Free,11.2,495,10%,4,0,0,17/04/2023,17/04/2023
U1598,Ghana,45,Female,Free,5.1,526,10%,4,0,0,17/07/2024,17/07/2024
U1682,United Kingdom,46,Male,Free,16,505,30%,4,0,0,14/08/2024,14/08/2024
U1280,Kenya,29,,Free,11.8,486,20%,4,0,0,12/15/2023,15/12/2023
U1323,Nepal,21,Other,Free,10.8,499,25%,4,0,0,14/01/2023,14/01/2023
U1095,USA,17,Female,Free,5.7,472,20%,4,0,0,09/30/2023,30/09/2023
U1066,United Kingdom,22,Male,Free,2.3,493,15%,4,1,0,21/07/2022,21/07/2022
U1388,South Africa,21,Female,Free,12.6,508,20%,4,1,0,08/14/2023,14/08/2023
U1181,Ghana,55,Female,Free,2.5,513,10%,4,1,0,07/17/2022,17/07/2022
U1221,United Kingdom,61,Male,Free,7.1,514,20%,4,0,0,06/02/2023,02/06/2023
U1279,United Kingdom,37,Female,Free,13.9,512,20%,4,1,0,02/07/2024,07/02/2024
U1234,Nigeria,29,Male,Free,10,484,30%,4,0,0,22/02/2023,22/02/2023
U1146,Kenya,51,Male,Premium,13.7,498,10%,4,0,9.99,11/03/2022,03/11/2022
U1360,United Kingdom,61,Female,Premium,16.5,510,20%,4,0,,06/27/2023,27/06/2023
U1438,Nepal,63,Other,Premium,0.3,522,10%,4,0,12.99,13/10/2023,13/10/2023
U1258,USA,59,Female,Premium,3.7,507,30%,4,1,7.99,31/10/2022,31/10/2022
U1395,Nigeria,47,Male,Premium,8.7,502,15%,4,0,5,08/01/2023,01/08/2023
U1448,USA,14,Male,Premium,5.2,523,20%,4,0,,16/02/2024,16/02/2024
U1560,Nigeria,38,,Premium,17.6,505,25%,4,0,,17/03/2024,17/03/2024
U1321,United Kingdom,43,Male,Premium,23.3,502,30%,4,0,,03/03/2022,03/03/2022
U1467,Kenya,64,Male,Premium,8.1,485,10%,4,1,9.99,09/06/2023,06/09/2023
U1337,United Kingdom,16,Female,Premium,10.3,498,30%,4,0,7.99,29/07/2023,29/07/2023
U1619,India,13,Male,Premium,7.6,495,20%,4,1,9.99,03/12/2022,12/03/2022
U1194,Brazil,52,Female,Premium,8.7,566,20%,4,0,9.99,22/03/2023,22/03/2023
U1253,USA,38,Male,Premium,11.3,497,15%,4,1,9.99,23/10/2022,23/10/2022
U1524,India,55,Male,Premium,5.5,517,5%,4,0,,25/10/2023,25/10/2023
U1111,South Africa,13,Male,Premium,14,475,25%,4,0,7.99,11/05/2023,05/11/2023
U1381,United Kingdom,14,Female,Premium,13.8,522,25%,4,1,9.99,18/09/2022,18/09/2022
U1305,South Africa,64,Female,Premium,7,482,30%,4,0,9.99,19/05/2024,19/05/2024
U1660,United Kingdom,46,Female,Premium,2.4,504,5%,4,0,12.99,01/05/2024,05/01/2024
U1153,Kenya,42,Female,Premium,3.6,525,15%,4,0,9.99,15/09/2022,15/09/2022
U1143,India,14,,Premium,10.2,518,10%,4,0,9.99,03/03/2024,03/03/2024
U1437,Nigeria,44,Male,Premium,15.1,456,10%,4,1,7.99,14/09/2023,14/09/2023
U1645,Nigeria,62,Female,Premium,12.5,478,20%,4,0,9.99,01/27/2024,27/01/2024
U1290,United Kingdom,59,Male,Premium,5.8,500,10%,4,0,5,20/08/2022,20/08/2022
U1497,USA,41,Other,Premium,8.2,497,10%,4,0,7.99,05/06/2023,06/05/2023
U1554,United Kingdom,23,Female,Premium,6.5,504,10%,4,1,7.99,05/10/2023,10/05/2023
U1202,Brazil,44,Male,Premium,13.6,521,25%,4,0,5,05/12/2023,12/05/2023
U1122,Kenya,43,Male,Premium,6,519,25%,4,0,7.99,06/11/2023,11/06/2023
U1611,USA,53,,Premium,4.1,503,10%,4,0,9.99,13/05/2022,13/05/2022
U1426,Kenya,16,Female,Premium,10.2,523,30%,4,0,7.99,26/09/2022,26/09/2022
U1273,South Africa,51,Female,Premium,9.7,467,5%,4,1,,26/02/2023,26/02/2023
U1406,Kenya,24,,Premium,8.5,514,15%,4,1,,07/15/2023,15/07/2023
U1087,Ghana,53,Male,Premium,4.4,497,20%,4,0,7.99,12/08/2024,08/12/2024
U1667,Ghana,41,Female,Premium,14.4,512,20%,4,0,9.99,05/07/2022,07/05/2022
U1603,Nepal,38,Female,Premium,7.8,488,20%,4,1,12.99,06/03/2024,03/06/2024
U1378,India,35,,Premium,7.3,526,30%,4,1,7.99,03/10/2023,10/03/2023
,United Kingdom,50,Female,Student,0.9,533,10%,4,0,,05/07/2022,07/05/2022
,South Africa,22,Female,Student,4.4,455,30%,4,0,7.99,01/21/2024,21/01/2024
U1584,United Kingdom,30,Male,Student,19.2,458,30%,4,0,7.99,07/21/2023,21/07/2023
U1404,Kenya,21,Male,Student,19,474,10%,4,0,7.99,16/02/2022,16/02/2022
U1373,India,45,Female,Student,13.3,530,20%,4,0,7.99,12/05/2023,05/12/2023
U1065,South Africa,14,Female,Student,6.4,488,10%,4,0,9.99,01/01/2022,01/01/2022
U1226,Kenya,21,Male,Student,10.6,461,30%,4,1,7.99,05/20/2023,20/05/2023
U1479,United Kingdom,34,Other,Student,14.5,508,30%,4,0,7.99,11/08/2022,08/11/2022
U1532,India,59,Male,Student,11.9,513,30%,4,0,7.99,15/07/2022,15/07/2022
U1034,Brazil,36,Female,Student,8.9,471,10%,4,0,,16/04/2023,16/04/2023
U1465,USA,41,Male,Student,7.4,511,10%,4,1,7.99,01/03/2022,03/01/2022
U1089,India,13,Male,Student,9.8,481,15%,4,0,7.99,19/02/2022,19/02/2022
U1350,Brazil,57,Female,Student,11.6,510,5%,4,1,5,10/03/2022,03/10/2022
U1112,United Kingdom,63,Female,Student,6.8,479,15%,4,0,7.99,23/04/2023,23/04/2023
U1049,Kenya,21,Other,Student,11.5,514,25%,4,1,9.99,13/02/2024,13/02/2024
U1601,India,55,Female,Student,3.9,499,5%,4,0,,13/04/2022,13/04/2022
U1572,South Africa,22,Male,Student,10.3,494,20%,4,1,,23/10/2023,23/10/2023
U1192,Nepal,20,Female,Student,6.9,482,20%,4,1,7.99,08/21/2022,21/08/2022
U1348,South Africa,38,Other,Student,8.2,517,20%,4,0,9.99,02/11/2022,11/02/2022
U1255,Nepal,63,Male,Student,8.5,462,20%,4,1,,13/12/2023,13/12/2023
U1110,United Kingdom,58,Male,Student,11.4,496,20%,4,1,9.99,10/03/2023,03/10/2023
U1223,United Kingdom,38,,Student,5.8,484,30%,4,1,7.99,04/05/2022,05/04/2022
U1032,United Kingdom,50,Male,Student,10.3,519,5%,4,1,12.99,22/11/2023,22/11/2023
U1663,Nepal,40,Female,Student,18.8,480,10%,4,1,9.99,13/04/2023,13/04/2023
U1520,United Kingdom,35,Male,Student,8.9,464,10%,4,1,,11/08/2023,08/11/2023
U1353,United Kingdom,18,Male,Student,6.3,514,15%,4,0,,04/02/2023,02/04/2023
,United Kingdom,26,Female,Student,10.9,490,20%,4,0,9.99,25/12/2023,25/12/2023
U1537,USA,48,Female,Student,11.3,486,10%,4,1,7.99,09/10/2022,10/09/2022
U1419,South Africa,47,Male,Student,0.1,531,15%,4,0,9.99,09/22/2023,22/09/2023
U1228,United Kingdom,59,Male,Student,19.3,464,20%,4,0,9.99,16/01/2023,16/01/2023
U1100,Ghana,35,Female,Student,11.4,490,25%,4,1,9.99,06/11/2024,11/06/2024
U1608,USA,19,Male,Student,9.2,510,30%,4,0,5,20/06/2022,20/06/2022
U1275,Brazil,51,Other,Student,8.1,484,10%,4,1,7.99,04/06/2023,06/04/2023
U1464,United Kingdom,59,Other,Student,14.4,503,10%,4,1,9.99,02/21/2024,21/02/2024
U1219,United Kingdom,58,Male,Student,6.2,571,20%,4,1,7.99,03/23/2022,23/03/2022
U1383,Ghana,52,Female,Student,4.2,471,5%,4,0,,17/11/2023,17/11/2023
U1003,South Africa,44,,Student,11.8,525,5%,4,0,,11/01/2022,01/11/2022
U1665,United Kingdom,62,,Student,11.4,467,10%,4,0,9.99,06/22/2023,22/06/2023
U1248,Nepal,35,Other,Student,10.9,482,15%,4,0,7.99,11/30/2023,30/11/2023
U1188,India,28,Male,Student,19.1,504,5%,4,0,9.99,07/13/2024,13/07/2024
U1259,Brazil,35,Male,Family,11.7,516,25%,5,1,7.99,14/06/2023,14/06/2023
U1428,United Kingdom,57,Female,Family,11.9,493,10%,5,1,12.99,11/18/2023,18/11/2023
U1295,Brazil,59,Male,Family,9.9,511,25%,5,0,7.99,02/22/2023,22/02/2023
U1053,USA,40,Female,Family,3.6,509,25%,5,1,7.99,13/12/2022,13/12/2022
U1139,United Kingdom,27,Female,Family,5.4,441,10%,5,1,7.99,09/14/2023,14/09/2023
U1624,Brazil,63,Female,Family,1,503,10%,5,1,9.99,11/06/2023,06/11/2023
U1242,United Kingdom,27,,Family,7.8,525,15%,5,1,7.99,09/06/2022,06/09/2022
U1494,India,41,Other,Family,0.9,500,15%,5,0,7.99,06/14/2023,14/06/2023
U1021,USA,43,Male,Family,12.3,535,10%,5,1,9.99,28/10/2022,28/10/2022
U1230,United Kingdom,59,Other,Family,18.2,484,20%,5,0,7.99,16/06/2024,16/06/2024
U1184,United Kingdom,23,Female,Family,21.5,528,20%,5,0,9.99,21/06/2022,21/06/2022
U1022,Nepal,13,Female,Family,7.8,498,30%,5,0,7.99,05/12/2022,12/05/2022
U1478,Nigeria,16,Female,Family,12.1,529,20%,5,1,12.99,12/16/2023,16/12/2023
U1411,South Africa,34,Male,Family,1.2,502,10%,5,1,9.99,04/04/2024,04/04/2024
U1303,South Africa,49,,Family,10.5,507,10%,5,0,9.99,07/24/2024,24/07/2024
U1543,USA,54,Male,Family,6.7,542,20%,5,0,9.99,02/07/2024,07/02/2024
U1503,Nigeria,39,Male,Family,18.7,482,20%,5,0,5,31/01/2022,31/01/2022
U1613,Kenya,32,Female,Family,16.4,495,10%,5,0,,12/07/2022,07/12/2022
U1174,USA,32,Female,Family,11.6,505,20%,5,1,7.99,08/03/2022,03/08/2022
U1640,Brazil,59,Female,Family,4.7,474,15%,5,1,9.99,08/07/2022,07/08/2022
U1218,South Africa,38,Other,Family,18.4,501,25%,5,1,5,10/28/2023,28/10/2023
U1418,United Kingdom,42,Male,Family,6.7,507,25%,5,0,,02/07/2024,07/02/2024
U1039,USA,38,Male,Family,12.6,456,5%,5,0,,11/07/2022,07/11/2022
U1177,Brazil,46,Male,Family,9.6,514,30%,5,0,9.99,15/08/2023,15/08/2023
U1286,Ghana,15,Male,Family,5.1,489,20%,5,0,,01/01/2022,01/01/2022
U1171,Nepal,29,Male,Family,13.7,510,10%,5,0,5,20/04/2022,20/04/2022
U1274,United Kingdom,29,Female,Family,11,494,20%,5,0,9.99,06/09/2024,09/06/2024
U1634,Kenya,52,Other,Family,10.9,480,5%,5,1,9.99,01/06/2023,06/01/2023
U1296,Kenya,20,Male,Family,10.5,513,10%,5,0,9.99,15/03/2022,15/03/2022
U1380,United Kingdom,56,Female,Family,11.5,489,20%,5,1,,12/21/2022,21/12/2022
U1387,United Kingdom,49,Female,Free,11.2,508,10%,5,1,0,05/02/2022,02/05/2022
U1420,USA,33,Male,Free,13.8,480,20%,5,0,0,11/08/2023,08/11/2023
U1092,South Africa,18,Female,Free,4,503,20%,5,0,0,03/17/2022,17/03/2022
,USA,40,Female,Free,8.5,501,10%,5,1,0,08/01/2024,01/08/2024
U1695,United Kingdom,26,Other,Free,15.5,504,10%,5,1,0,14/06/2024,14/06/2024
U1576,Ghana,47,Female,Free,23.4,545,20%,5,1,0,03/14/2023,14/03/2023
U1117,Nigeria,61,Other,Free,18.6,558,15%,5,0,0,12/25/2023,25/12/2023
U1674,Nepal,59,Male,Free,2.8,455,10%,5,0,0,16/05/2024,16/05/2024
U1164,United Kingdom,54,Male,Free,11.5,511,20%,5,1,0,05/02/2023,02/05/2023
U1237,India,13,Female,Free,6.8,531,15%,5,0,0,11/07/2022,07/11/2022
U1046,Kenya,48,Female,Free,1,562,30%,5,0,0,02/06/2022,06/02/2022
U1364,USA,38,Female,Free,11.8,484,10%,5,0,0,08/30/2022,30/08/2022
U1573,India,64,Female,Premium,6.3,504,20%,5,1,5,12/22/2022,22/12/2022
U1489,Kenya,48,Female,Premium,15.8,493,20%,5,1,5,12/10/2023,10/12/2023
U1044,India,49,Male,Premium,12.5,532,10%,5,0,,11/08/2023,08/11/2023
U1547,South Africa,21,Male,Premium,9.1,524,10%,5,0,9.99,03/07/2022,07/03/2022
U1382,United Kingdom,25,Other,Premium,9,442,20%,5,0,9.99,29/06/2022,29/06/2022
U1180,USA,25,Female,Premium,10.2,542,10%,5,0,,12/11/2022,11/12/2022
U1145,Kenya,63,Male,Premium,19,495,5%,5,1,7.99,07/15/2023,15/07/2023
U1317,Ghana,16,Female,Premium,7.3,500,5%,5,0,9.99,10/08/2022,08/10/2022
U1206,India,33,Other,Premium,11.4,490,10%,5,0,7.99,04/11/2023,11/04/2023
,Brazil,61,Male,Premium,13.4,512,25%,5,0,,01/15/2022,15/01/2022
U1445,India,29,Male,Premium,14.2,508,10%,5,0,12.99,07/12/2022,12/07/2022
U1150,Nigeria,62,Male,Premium,12.8,459,30%,5,0,9.99,25/09/2022,25/09/2022
U1570,United Kingdom,21,Female,Premium,11.9,487,10%,5,1,9.99,12/01/2023,01/12/2023
U1327,United Kingdom,52,Male,Premium,5.9,460,5%,5,0,7.99,02/04/2024,04/02/2024
U1356,India,31,Male,Premium,5.1,495,10%,5,0,5,12/09/2022,09/12/2022
U1538,United Kingdom,60,Female,Premium,10.5,487,15%,5,0,7.99,03/22/2022,22/03/2022
U1096,USA,43,Female,Premium,1.5,520,25%,5,0,12.99,20/06/2023,20/06/2023
U1104,United Kingdom,22,Female,Premium,2,497,25%,5,0,9.99,12/07/2023,07/12/2023
U1359,India,32,Female,Premium,12.5,492,20%,5,1,,04/11/2023,11/04/2023
U1627,India,42,,Premium,11.1,503,30%,5,0,7.99,04/03/2022,03/04/2022
U1410,Ghana,52,Female,Premium,9.5,513,5%,5,0,9.99,09/04/2023,04/09/2023
U1441,USA,35,Female,Premium,3.4,499,10%,5,0,,04/03/2023,03/04/2023
U1482,Ghana,17,Female,Premium,13.7,499,30%,5,1,12.99,08/29/2023,29/08/2023
U1513,Nepal,32,Male,Premium,13.1,561,30%,5,0,9.99,02/23/2023,23/02/2023
U1081,United Kingdom,34,Female,Premium,9.1,484,10%,5,1,5,21/06/2024,21/06/2024
U1001,India,56,,Premium,11.1,556,20%,5,0,7.99,11/04/2022,04/11/2022
U1183,United Kingdom,60,Female,Premium,13.6,513,15%,5,0,9.99,06/21/2023,21/06/2023
U1575,India,53,Other,Student,6.8,469,15%,5,0,5,02/25/2022,25/02/2022
U1672,United Kingdom,35,Other,Student,11.3,481,30%,5,0,9.99,25/08/2023,25/08/2023
U1050,United Kingdom,45,Other,Student,11.4,475,15%,5,0,12.99,25/09/2023,25/09/2023
U1443,United Kingdom,45,Male,Student,13.3,472,20%,5,1,9.99,06/14/2024,14/06/2024
U1518,Nigeria,18,Female,Student,7.8,477,10%,5,1,7.99,01/03/2023,03/01/2023
U1114,United Kingdom,25,Male,Student,4,484,10%,5,0,5,05/24/2022,24/05/2022
U1158,Kenya,64,Male,Student,7.6,440,10%,5,0,7.99,09/05/2022,05/09/2022
U1052,Ghana,25,Male,Student,12.7,467,20%,5,0,7.99,28/12/2023,28/12/2023
U1010,Brazil,49,Female,Student,10.4,457,20%,5,0,9.99,11/04/2022,04/11/2022
U1094,Ghana,29,Male,Student,15.8,481,20%,5,0,5,08/17/2024,17/08/2024
U1051,India,32,Male,Student,6,513,25%,5,0,5,27/08/2024,27/08/2024
U1462,United Kingdom,64,Female,Student,11,505,15%,5,0,9.99,01/18/2022,18/01/2022
U1496,Ghana,17,Other,Student,17.4,475,25%,5,0,7.99,03/24/2022,24/03/2022
U1374,United Kingdom,18,Male,Student,14.2,504,20%,5,0,9.99,04/11/2022,11/04/2022
U1423,USA,31,Other,Student,16.2,508,5%,5,0,5,09/23/2022,23/09/2022
U1134,South Africa,42,Female,Student,13,483,20%,5,0,7.99,09/14/2022,14/09/2022
U1593,United Kingdom,37,Male,Student,6.5,494,10%,5,0,,14/06/2022,14/06/2022
U1416,India,49,Female,Student,7.2,451,15%,5,0,9.99,04/17/2023,17/04/2023
U1254,Brazil,26,,Student,15.7,507,20%,5,1,9.99,11/07/2022,07/11/2022
U1414,Kenya,23,Female,Student,12.7,539,15%,5,0,9.99,07/07/2024,07/07/2024
U1331,India,43,,Student,20.1,457,20%,5,1,7.99,03/14/2022,14/03/2022
U1093,Nigeria,40,Male,Student,9.8,460,10%,5,0,12.99,03/04/2024,04/03/2024
U1233,USA,60,,Student,14.1,507,20%,5,0,7.99,07/16/2024,16/07/2024
U1544,United Kingdom,61,Female,Student,3.1,504,25%,5,0,9.99,20/08/2024,20/08/2024
U1346,United Kingdom,23,Female,Student,2.8,516,10%,5,0,9.99,03/05/2022,05/03/2022
U1120,Ghana,46,Male,Student,11.2,509,20%,5,1,9.99,02/15/2023,15/02/2023
U1008,Kenya,33,Female,Student,6.5,499,10%,5,0,12.99,13/10/2023,13/10/2023
